{
    "return_stat": {
        "count": 50250,
        "mean": 3.8196804290694035,
        "var": 182270967.37811732
    },
    "total_iterations": 335,
    "total_timesteps": 51124480
}