{
    "return_stat": {
        "count": 16633200,
        "mean": 79.90020315909673,
        "var": 654118966019.6515
    },
    "skill_ratings": {
        "1v1": 69.22663116455078
    },
    "total_iterations": 110888,
    "total_timesteps": 14005112320
}