{
    "return_stat": {
        "count": 16638150,
        "mean": 79.92042706170305,
        "var": 654512005399.2412
    },
    "skill_ratings": {
        "1v1": 58.94344711303711
    },
    "total_iterations": 110921,
    "total_timesteps": 14010087680
}