{
    "return_stat": {
        "count": 16639050,
        "mean": 79.92302952554952,
        "var": 654582047830.669
    },
    "skill_ratings": {
        "1v1": 60.1765022277832
    },
    "total_iterations": 110927,
    "total_timesteps": 14011042816
}